timeframe,move_start_ts,move_end_ts,move_low,move_high,move_duration_bars,consol_start_ts,consol_end_ts,consol_low,consol_high,consol_duration_bars,fib_retracement_depth,fib_50,entry_ts,entry_price,entry_score
1day,2006-09-12 21:00:00+00:00,2006-10-02 21:00:00+00:00,4642.5,4730.5,16,2006-10-02 21:00:00+00:00,2006-10-12 21:00:00+00:00,4685.25,4781.25,9,0.5142045454545454,4686.5,2006-10-12 21:00:00+00:00,4780.0,0.8888888888888888
1day,2007-04-04 21:00:00+00:00,2007-06-12 21:00:00+00:00,4807.0,4949.75,50,2007-06-12 21:00:00+00:00,2007-07-03 21:00:00+00:00,4892.0,4964.5,16,0.404553415061296,4878.375,2007-07-03 21:00:00+00:00,4964.5,1.0
1day,2007-08-22 21:00:00+00:00,2007-08-28 21:00:00+00:00,4885.0,4949.5,6,2007-08-28 21:00:00+00:00,2007-09-04 21:00:00+00:00,4885.0,5018.0,5,1.0,4917.25,2007-09-04 21:00:00+00:00,5004.25,1.0
1day,2008-04-17 21:00:00+00:00,2008-05-22 21:00:00+00:00,4761.0,4980.75,27,2008-05-22 21:00:00+00:00,2008-05-28 21:00:00+00:00,4872.25,4935.25,5,0.4937428896473265,4870.875,2008-05-28 21:00:00+00:00,4931.5,1.0
1day,2009-03-27 21:00:00+00:00,2009-04-21 21:00:00+00:00,4110.5,4267.75,18,2009-04-21 21:00:00+00:00,2009-05-04 21:00:00+00:00,4206.75,4332.75,10,0.38791732909379967,4189.125,2009-05-04 21:00:00+00:00,4329.5,0.7777777777777778
1day,2009-07-14 21:00:00+00:00,2009-08-18 21:00:00+00:00,4345.5,4546.75,27,2009-08-18 21:00:00+00:00,2009-09-10 21:00:00+00:00,4472.0,4594.5,17,0.37142857142857144,4446.125,2009-09-10 21:00:00+00:00,4593.0,1.0
1day,2010-09-03 21:00:00+00:00,2010-11-15 22:00:00+00:00,4751.0,5117.0,52,2010-11-15 22:00:00+00:00,2010-11-22 22:00:00+00:00,5002.5,5074.5,6,0.3128415300546448,4934.0,2010-11-22 22:00:00+00:00,5073.5,1.0
1day,2013-06-28 21:00:00+00:00,2013-08-16 21:00:00+00:00,5852.75,6116.5,36,2013-08-16 21:00:00+00:00,2013-08-23 21:00:00+00:00,6024.0,6095.5,6,0.35071090047393366,5984.625,2013-08-23 21:00:00+00:00,6089.75,1.0
1day,2013-10-11 21:00:00+00:00,2013-11-20 22:00:00+00:00,6151.0,6401.0,30,2013-11-20 22:00:00+00:00,2013-11-26 22:00:00+00:00,6333.75,6431.25,5,0.269,6276.0,2013-11-26 22:00:00+00:00,6422.5,1.0
1day,2014-05-13 21:00:00+00:00,2014-08-01 21:00:00+00:00,6527.5,6985.25,58,2014-08-01 21:00:00+00:00,2014-08-13 21:00:00+00:00,6820.5,6943.5,9,0.3599126160567996,6756.375,2014-08-13 21:00:00+00:00,6939.75,1.0
1day,2015-10-05 21:00:00+00:00,2015-10-14 21:00:00+00:00,7278.0,7418.25,9,2015-10-14 21:00:00+00:00,2015-10-22 21:00:00+00:00,7345.0,7593.0,7,0.5222816399286988,7348.125,2015-10-22 21:00:00+00:00,7580.25,1.0
1day,2016-07-01 21:00:00+00:00,2016-08-25 21:00:00+00:00,7416.5,7887.5,40,2016-08-25 21:00:00+00:00,2016-09-06 21:00:00+00:00,7800.25,7882.25,8,0.18524416135881103,7652.0,2016-09-06 21:00:00+00:00,7878.25,1.0
1day,2016-09-08 21:00:00+00:00,2016-10-12 21:00:00+00:00,7680.5,7956.75,26,2016-10-12 21:00:00+00:00,2016-10-24 21:00:00+00:00,7809.75,7964.0,9,0.5321266968325792,7818.625,2016-10-24 21:00:00+00:00,7958.0,1.0
1day,2017-01-05 22:00:00+00:00,2017-04-12 21:00:00+00:00,7977.0,8533.75,69,2017-04-12 21:00:00+00:00,2017-04-20 21:00:00+00:00,8400.0,8507.25,6,0.2402334979793444,8255.375,2017-04-20 21:00:00+00:00,8495.25,1.0
1day,2017-09-28 21:00:00+00:00,2017-12-05 22:00:00+00:00,8949.0,9467.25,49,2017-12-05 22:00:00+00:00,2017-12-11 22:00:00+00:00,9269.5,9446.75,5,0.38157260009647853,9208.125,2017-12-11 22:00:00+00:00,9435.0,1.0
1day,2018-05-04 21:00:00+00:00,2018-06-25 21:00:00+00:00,9604.25,10328.25,37,2018-06-25 21:00:00+00:00,2018-07-06 21:00:00+00:00,9925.75,10207.5,9,0.555939226519337,9966.25,2018-07-06 21:00:00+00:00,10203.25,1.0
1day,2018-08-02 21:00:00+00:00,2018-09-07 21:00:00+00:00,10184.0,10666.75,27,2018-09-07 21:00:00+00:00,2018-09-13 21:00:00+00:00,10362.75,10553.0,5,0.6297255308130503,10425.375,2018-09-13 21:00:00+00:00,10534.75,1.0
1day,2019-02-13 22:00:00+00:00,2019-03-08 22:00:00+00:00,9855.0,10128.25,18,2019-03-08 22:00:00+00:00,2019-03-15 21:00:00+00:00,9855.0,10250.25,6,1.0,9991.625,2019-03-15 21:00:00+00:00,10232.5,1.0
1day,2019-10-11 21:00:00+00:00,2019-12-03 22:00:00+00:00,10609.25,11301.0,38,2019-12-03 22:00:00+00:00,2019-12-12 22:00:00+00:00,11010.5,11339.75,8,0.41994940368630285,10955.125,2019-12-12 22:00:00+00:00,11309.25,1.0
1day,2020-04-09 21:00:00+00:00,2020-07-24 21:00:00+00:00,10902.5,13901.75,75,2020-07-24 21:00:00+00:00,2020-07-30 21:00:00+00:00,13144.25,13740.5,5,0.2525631407851963,12402.125,2020-07-30 21:00:00+00:00,13637.25,1.0
1day,2021-05-21 21:00:00+00:00,2021-07-19 21:00:00+00:00,16223.75,17873.75,41,2021-07-19 21:00:00+00:00,2021-07-23 21:00:00+00:00,17322.75,17995.0,5,0.3339393939393939,17048.75,2021-07-23 21:00:00+00:00,17975.75,1.0
1day,2022-07-28 21:00:00+00:00,2022-08-02 21:00:00+00:00,15303.5,15963.25,5,2022-08-02 21:00:00+00:00,2022-08-12 21:00:00+00:00,15669.25,16437.75,9,0.44562334217506633,15633.375,2022-08-12 21:00:00+00:00,16432.25,0.7777777777777778
1day,2023-03-15 21:00:00+00:00,2023-04-12 21:00:00+00:00,14634.25,15886.25,22,2023-04-12 21:00:00+00:00,2023-05-10 21:00:00+00:00,15337.5,15984.25,21,0.4382987220447284,15260.25,2023-05-10 21:00:00+00:00,15947.0,0.8888888888888888
1day,2023-11-03 21:00:00+00:00,2024-01-03 22:00:00+00:00,17087.25,19116.5,42,2024-01-03 22:00:00+00:00,2024-01-09 22:00:00+00:00,18285.5,18819.75,5,0.4095109030429962,18101.875,2024-01-09 22:00:00+00:00,18781.5,0.8888888888888888
1day,2024-01-11 22:00:00+00:00,2024-02-21 22:00:00+00:00,18640.5,20072.75,29,2024-02-21 22:00:00+00:00,2024-03-01 22:00:00+00:00,19324.0,20324.0,8,0.5227788444754756,19356.625,2024-03-01 22:00:00+00:00,20289.5,1.0
